price_area,price_percentile,top_25pc,bedrooms,bathrooms,stories,mainroad,guestroom,basement,hotwaterheating,airconditioning,parking,prefarea,furnishingstatus
1792.45283,0.976,Yes,4,2,3,yes,no,no,no,yes,2,yes,furnished
1367.1875,0.869,Yes,4,4,4,yes,no,no,no,yes,3,no,furnished
1229.919679,0.805,Yes,3,2,2,yes,no,yes,no,no,2,yes,semi-furnished
1628.666667,0.938,Yes,4,2,2,yes,no,yes,no,yes,3,yes,furnished
1537.735849,0.919,Yes,4,1,2,yes,yes,yes,no,yes,2,no,furnished
1446.666667,0.899,Yes,3,3,1,yes,no,yes,no,yes,2,yes,semi-furnished
1182.983683,0.748,No,4,3,4,yes,no,no,no,yes,2,yes,semi-furnished
626.5432099,0.132,No,5,3,2,yes,no,no,no,no,0,no,unfurnished
1218.518519,0.794,Yes,4,1,2,yes,yes,yes,no,yes,2,yes,furnished
1704.347826,0.961,Yes,3,2,4,yes,yes,no,no,yes,1,yes,unfurnished
742.4242424,0.248,No,3,1,2,yes,no,yes,no,yes,2,yes,furnished
1613.5,0.934,Yes,4,3,2,yes,yes,yes,yes,no,2,no,semi-furnished
1421.374046,0.888,Yes,4,2,2,yes,no,no,no,yes,1,yes,semi-furnished
2640,1,Yes,4,2,2,yes,no,no,yes,no,2,no,furnished
1184.615385,0.75,No,3,2,2,yes,no,no,no,no,0,yes,semi-furnished
1516.666667,0.906,Yes,4,1,2,yes,no,yes,no,no,2,no,semi-furnished
1378.787879,0.875,Yes,4,2,2,yes,yes,yes,no,yes,1,yes,unfurnished
1054.117647,0.621,No,3,2,4,yes,no,no,no,yes,2,no,furnished
1932.608696,0.989,Yes,3,2,2,yes,yes,no,no,yes,2,no,furnished
1379.283489,0.877,Yes,3,2,2,yes,no,no,no,yes,1,yes,semi-furnished
2025.462963,0.996,Yes,3,1,2,yes,no,yes,yes,no,2,no,semi-furnished
1213.137666,0.789,Yes,3,2,1,yes,yes,yes,no,yes,2,no,unfurnished
1073.913043,0.642,No,3,1,1,yes,yes,yes,no,yes,1,no,furnished
1895.833333,0.983,Yes,3,2,2,yes,yes,yes,no,yes,1,no,furnished
974.4318182,0.524,No,3,2,2,yes,no,no,no,yes,2,no,furnished
1305.810398,0.847,Yes,4,2,2,yes,yes,yes,no,yes,2,yes,furnished
1410.5,0.882,Yes,3,2,4,yes,yes,yes,no,yes,0,yes,semi-furnished
946.4788732,0.491,No,3,1,1,yes,no,no,no,no,1,no,semi-furnished
1056.603774,0.627,No,5,2,2,yes,no,yes,yes,no,2,no,unfurnished
1527.272727,0.91,Yes,4,2,2,yes,no,yes,no,yes,1,yes,semi-furnished
1123.745819,0.693,No,3,2,4,yes,no,no,no,yes,2,no,unfurnished
1200,0.776,Yes,3,1,4,yes,no,no,no,yes,2,no,semi-furnished
1699.795082,0.956,Yes,4,2,2,yes,no,no,no,yes,1,yes,furnished
1374.161074,0.873,Yes,3,3,2,yes,yes,yes,no,no,1,no,unfurnished
1187.134503,0.756,Yes,5,1,2,yes,yes,yes,no,yes,1,no,furnished
1154.42,0.732,No,3,2,4,yes,no,no,no,yes,2,no,furnished
1074.979952,0.643,No,3,2,3,yes,no,no,yes,no,1,yes,furnished
886.6666667,0.404,No,4,2,4,yes,no,no,no,yes,2,no,furnished
1327.083333,0.86,Yes,3,1,4,yes,yes,no,no,yes,2,no,unfurnished
1318.333333,0.857,Yes,4,2,4,yes,no,no,no,yes,1,no,semi-furnished
1202.290076,0.779,Yes,3,1,2,yes,no,yes,no,yes,0,yes,furnished
1232.704403,0.809,Yes,3,2,4,yes,no,no,no,yes,0,yes,furnished
1188.271605,0.757,Yes,3,2,4,yes,no,no,no,yes,2,no,unfurnished
1283.333333,0.836,Yes,4,2,4,yes,no,no,no,no,2,no,semi-furnished
1260,0.825,Yes,4,2,4,yes,no,no,no,yes,1,no,furnished
1260,0.825,Yes,3,2,3,yes,no,no,no,yes,0,no,semi-furnished
1254.166667,0.822,Yes,3,2,4,yes,no,no,no,yes,1,no,furnished
1134.848485,0.711,No,3,1,4,yes,no,no,no,yes,3,yes,furnished
1733.72093,0.967,Yes,3,2,2,yes,no,yes,no,no,1,no,unfurnished
997.311828,0.555,No,3,2,1,yes,yes,yes,no,yes,0,yes,semi-furnished
997.311828,0.555,No,3,2,4,yes,no,no,no,no,1,yes,unfurnished
1173.12253,0.746,No,3,1,4,yes,no,no,no,yes,1,no,unfurnished
1225,0.8,Yes,4,2,4,yes,yes,no,no,yes,1,no,furnished
1427.184466,0.895,Yes,3,2,4,yes,no,no,no,yes,2,no,semi-furnished
1225,0.8,Yes,3,2,2,yes,yes,no,no,yes,1,no,semi-furnished
1225,0.8,Yes,3,1,2,yes,no,no,no,yes,1,no,unfurnished
641.8706294,0.14,No,4,1,2,yes,no,yes,no,no,1,yes,semi-furnished
805,0.311,No,4,2,4,yes,yes,no,no,yes,1,yes,furnished
938.8020833,0.48,No,4,2,4,yes,yes,no,no,yes,1,no,semi-furnished
1201.666667,0.778,Yes,3,2,4,yes,yes,no,no,yes,1,no,furnished
1190,0.761,Yes,3,2,2,yes,yes,no,no,no,1,no,semi-furnished
796.1711712,0.294,No,2,1,1,yes,no,no,no,yes,1,no,semi-furnished
1133.012821,0.708,No,4,2,2,yes,no,no,no,yes,1,no,furnished
1106.132075,0.665,No,4,2,3,yes,no,no,no,yes,2,yes,furnished
626.3982103,0.131,No,3,1,1,yes,no,yes,no,yes,1,yes,furnished
780.4054054,0.276,No,3,2,2,yes,no,yes,no,yes,1,no,furnished
525,0.061,No,2,1,1,yes,no,yes,yes,no,1,no,furnished
895.4545455,0.425,No,3,2,1,yes,no,no,no,no,2,no,unfurnished
1143.333333,0.715,No,3,1,1,yes,no,no,no,yes,1,no,furnished
561.6211745,0.086,No,4,2,2,yes,no,no,no,no,2,yes,furnished
1697.5,0.954,Yes,3,2,2,yes,no,yes,no,yes,0,yes,semi-furnished
1125.833333,0.695,No,4,2,4,yes,no,no,no,yes,0,no,unfurnished
1338.645418,0.866,Yes,3,1,4,yes,no,no,no,yes,0,yes,unfurnished
1012.878788,0.57,No,2,2,4,yes,no,yes,no,no,0,yes,furnished
1646.039604,0.947,Yes,3,1,2,yes,no,yes,yes,no,1,no,furnished
1561.032864,0.923,Yes,4,2,2,yes,no,no,yes,no,0,no,semi-furnished
1035.825545,0.608,No,3,2,3,yes,no,no,no,yes,0,yes,furnished
1023.076923,0.583,No,3,2,3,yes,no,no,no,yes,0,yes,furnished
1166.666667,0.741,No,3,1,1,yes,yes,yes,no,yes,2,yes,furnished
1108.333333,0.669,No,3,2,3,yes,yes,no,no,yes,0,no,furnished
1104.833333,0.662,No,3,1,2,yes,no,no,yes,no,1,yes,semi-furnished
1653.75,0.95,Yes,3,2,2,yes,no,yes,no,yes,1,no,semi-furnished
630,0.134,No,3,2,1,yes,no,yes,no,yes,1,yes,furnished
1096.666667,0.66,No,3,2,4,yes,no,no,no,yes,0,no,semi-furnished
1731.382979,0.963,Yes,3,1,2,yes,no,no,yes,no,2,no,semi-furnished
789.0909091,0.281,No,3,2,3,yes,no,no,no,yes,0,no,furnished
976.011994,0.528,No,3,1,3,yes,no,yes,no,no,0,yes,unfurnished
1635.10101,0.941,Yes,3,1,1,yes,no,yes,no,no,2,no,semi-furnished
873.8191633,0.386,No,3,1,1,yes,yes,yes,no,yes,2,yes,unfurnished
750.5827506,0.254,No,5,3,2,yes,no,no,no,no,2,no,furnished
1288,0.84,Yes,3,1,2,yes,no,no,no,yes,0,no,semi-furnished
950.962963,0.496,No,2,1,1,yes,yes,yes,no,no,2,yes,furnished
1334.375,0.864,Yes,3,2,4,yes,yes,no,no,yes,0,no,furnished
875,0.388,No,3,2,1,yes,no,yes,no,yes,3,no,semi-furnished
1050,0.616,No,4,2,4,yes,no,no,no,no,1,no,semi-furnished
1536.585366,0.917,Yes,3,2,3,yes,no,no,no,yes,2,no,semi-furnished
700,0.197,No,3,1,1,yes,no,yes,no,no,1,yes,furnished
984.375,0.539,No,3,1,1,yes,yes,yes,no,yes,1,yes,semi-furnished
953.4848485,0.502,No,3,2,3,yes,no,no,no,yes,0,yes,unfurnished
1044.166667,0.612,No,4,1,3,yes,yes,yes,no,no,0,yes,unfurnished
943.9393939,0.485,No,3,2,1,yes,no,yes,no,yes,0,yes,unfurnished
1132.727273,0.706,No,3,1,3,yes,no,no,no,no,1,yes,unfurnished
1126.363636,0.697,No,3,2,4,yes,yes,no,no,yes,1,no,semi-furnished
975.5905512,0.526,No,3,2,3,yes,yes,no,no,yes,0,no,furnished
1126.363636,0.697,No,3,2,1,yes,yes,yes,no,no,2,yes,furnished
1368.888889,0.871,Yes,3,1,4,yes,no,no,no,yes,0,no,unfurnished
1130.275229,0.702,No,4,2,1,yes,no,yes,no,yes,0,yes,semi-furnished
954.0498442,0.504,No,3,1,3,yes,no,yes,no,no,0,yes,unfurnished
1885.030864,0.982,Yes,4,1,3,yes,no,no,no,no,1,no,semi-furnished
920.6349206,0.463,No,4,2,2,yes,yes,no,yes,no,1,no,semi-furnished
922.7272727,0.467,No,3,1,1,yes,yes,yes,no,no,2,yes,semi-furnished
727.4247492,0.232,No,3,1,3,yes,no,no,no,yes,2,no,unfurnished
1414.651163,0.886,Yes,6,2,2,yes,no,no,no,no,0,no,furnished
632.3284823,0.136,No,3,1,1,yes,no,yes,no,no,2,yes,furnished
885.2941176,0.403,No,2,1,1,yes,yes,yes,no,no,2,no,furnished
752.5,0.256,No,3,1,1,yes,yes,yes,no,yes,2,yes,semi-furnished
872.4637681,0.384,No,3,2,1,yes,yes,yes,no,no,0,yes,unfurnished
1608.108108,0.928,Yes,4,1,2,yes,yes,no,no,yes,0,no,furnished
926.7912773,0.469,No,3,1,1,yes,no,yes,no,yes,0,yes,furnished
847.5783476,0.36,No,3,1,1,yes,no,yes,no,yes,2,yes,semi-furnished
909.7859327,0.447,No,3,1,1,yes,yes,yes,no,no,2,yes,furnished
822.8460794,0.329,No,3,1,2,yes,yes,yes,no,yes,0,yes,semi-furnished
951.3911097,0.498,No,4,2,1,yes,no,yes,no,no,1,yes,semi-furnished
812.8415301,0.314,No,4,2,2,yes,no,no,no,no,0,no,furnished
911.8773946,0.45,No,3,2,4,yes,no,no,no,no,1,no,furnished
380.9615385,0.011,No,3,1,1,yes,no,no,no,yes,2,no,semi-furnished
821.2290503,0.327,No,3,1,1,yes,no,yes,no,no,2,yes,unfurnished
904.6153846,0.439,No,3,2,3,yes,no,no,no,yes,0,no,unfurnished
1067.818182,0.636,No,3,1,3,yes,yes,no,no,yes,1,no,furnished
512.478185,0.055,No,3,1,3,yes,no,no,no,no,2,yes,semi-furnished
1222.083333,0.798,Yes,3,1,1,yes,yes,yes,no,no,0,no,unfurnished
996.9114619,0.553,No,4,1,4,yes,yes,no,no,no,0,no,semi-furnished
1117.307692,0.682,No,3,1,3,yes,no,no,no,yes,0,no,semi-furnished
1210.416667,0.783,Yes,3,1,3,yes,no,no,no,yes,0,no,unfurnished
829,0.34,No,3,1,1,yes,no,yes,no,no,2,yes,semi-furnished
962.5,0.515,No,3,2,4,yes,no,no,no,yes,0,no,unfurnished
1062.962963,0.632,No,4,2,2,yes,no,no,no,yes,2,no,unfurnished
1237.068966,0.811,Yes,4,1,2,yes,no,no,no,no,1,no,semi-furnished
1148,0.722,No,3,1,3,yes,no,no,no,yes,0,no,semi-furnished
902.5157233,0.436,No,3,1,1,yes,yes,yes,no,yes,2,yes,furnished
989.6551724,0.544,No,3,2,4,yes,no,no,no,yes,0,no,unfurnished
848.7237237,0.364,No,4,2,2,yes,yes,yes,no,no,1,yes,semi-furnished
533.3333333,0.064,No,4,2,2,yes,no,no,no,no,1,no,semi-furnished
1166.666667,0.741,No,5,2,3,no,no,yes,yes,no,0,no,unfurnished
1191.489362,0.765,Yes,4,1,2,yes,yes,yes,no,yes,1,no,furnished
1120,0.686,No,3,1,4,yes,no,no,no,no,0,no,furnished
533.3333333,0.064,No,2,1,1,yes,no,no,no,no,1,no,semi-furnished
1018.181818,0.574,No,3,2,2,yes,no,no,no,no,1,no,semi-furnished
880.5031447,0.397,No,3,1,3,yes,no,no,no,no,0,yes,semi-furnished
848.4848485,0.362,No,4,2,1,yes,no,yes,no,no,0,yes,semi-furnished
1090.342679,0.656,No,3,1,2,yes,yes,yes,no,yes,0,yes,unfurnished
1264.772727,0.829,Yes,4,1,2,yes,no,no,no,yes,2,yes,semi-furnished
1030.555556,0.596,No,5,1,2,yes,yes,yes,no,yes,0,yes,furnished
1675.757576,0.952,Yes,3,3,2,yes,no,yes,no,no,0,no,semi-furnished
1515.068493,0.904,Yes,3,2,2,yes,no,no,no,no,2,no,semi-furnished
906.557377,0.441,No,3,2,1,yes,no,yes,no,no,2,yes,furnished
800.4347826,0.298,No,3,1,1,yes,yes,yes,no,no,0,yes,semi-furnished
1950.656727,0.991,Yes,4,2,2,no,yes,yes,no,no,1,no,furnished
688.5964912,0.189,No,3,1,1,yes,no,no,no,no,2,no,semi-furnished
1733.333333,0.965,Yes,3,2,1,yes,yes,yes,no,yes,0,no,furnished
879.2270531,0.395,No,4,1,4,yes,yes,no,no,yes,0,no,furnished
895.0819672,0.423,No,3,1,3,yes,yes,no,no,yes,0,yes,semi-furnished
827.2727273,0.335,No,4,2,2,yes,yes,yes,no,no,0,yes,semi-furnished
794.8717949,0.292,No,3,1,1,yes,yes,yes,no,yes,0,yes,semi-furnished
803.2786885,0.307,No,3,2,2,yes,yes,yes,no,no,1,yes,furnished
834.5736434,0.349,No,3,2,1,yes,yes,yes,yes,no,0,no,unfurnished
682.0512821,0.178,No,3,1,1,yes,no,yes,no,yes,2,yes,unfurnished
1148.913043,0.726,No,2,2,1,yes,no,no,no,yes,2,no,semi-furnished
1232.394366,0.807,Yes,4,1,2,yes,no,yes,no,yes,0,no,furnished
802.7522936,0.305,No,4,2,2,no,no,no,no,yes,0,no,semi-furnished
954.5454545,0.506,No,3,2,1,yes,no,yes,no,no,0,no,semi-furnished
511.2474438,0.053,No,3,1,1,yes,no,no,no,no,1,yes,semi-furnished
625,0.127,No,3,1,2,yes,yes,yes,no,yes,2,yes,unfurnished
990.5660377,0.546,No,4,2,1,yes,no,no,no,yes,0,yes,unfurnished
1381.578947,0.879,Yes,3,1,2,yes,yes,yes,no,no,1,yes,unfurnished
535.7142857,0.068,No,4,2,2,yes,yes,no,no,no,2,no,semi-furnished
616.1971831,0.119,No,3,1,1,yes,no,no,no,yes,2,no,furnished
866.6115702,0.379,No,3,1,1,yes,no,yes,no,no,0,yes,semi-furnished
738.0381087,0.244,No,3,1,1,yes,yes,yes,no,no,2,yes,semi-furnished
1639.937107,0.945,Yes,3,2,2,yes,no,no,no,no,2,no,semi-furnished
1158.888889,0.735,No,4,2,1,no,no,yes,no,yes,2,no,semi-furnished
724.3055556,0.226,No,3,1,2,yes,yes,yes,no,no,1,yes,furnished
1508.797654,0.903,Yes,3,1,2,no,no,no,no,yes,0,no,semi-furnished
644.7368421,0.143,No,3,1,1,yes,no,no,no,no,1,yes,semi-furnished
1703.333333,0.958,Yes,3,2,2,yes,yes,yes,no,no,0,no,furnished
1703.333333,0.958,Yes,3,1,2,yes,no,yes,no,no,0,no,unfurnished
447.8527607,0.022,No,2,1,2,yes,no,no,no,no,0,yes,furnished
837.704918,0.351,No,3,1,1,yes,no,yes,no,yes,0,yes,semi-furnished
887.2377622,0.408,No,2,1,2,yes,no,no,no,yes,0,yes,unfurnished
1423.728814,0.892,Yes,2,1,1,no,yes,yes,no,no,0,no,semi-furnished
663.1578947,0.158,No,4,1,2,yes,no,no,no,yes,2,no,furnished
471.0280374,0.035,No,3,1,2,yes,yes,yes,no,no,0,no,semi-furnished
763.6363636,0.267,No,3,1,1,yes,yes,yes,no,no,0,yes,furnished
1048.541667,0.614,No,2,1,1,yes,yes,yes,no,no,0,no,semi-furnished
614.1104294,0.116,No,3,2,1,yes,yes,yes,no,no,0,no,semi-furnished
1126.984127,0.7,No,4,3,2,yes,no,yes,no,no,2,no,semi-furnished
646.6302368,0.145,No,3,1,1,yes,yes,yes,yes,no,0,no,semi-furnished
1770,0.972,Yes,3,2,2,no,no,yes,no,yes,1,no,semi-furnished
829.6906523,0.344,No,3,1,2,yes,no,no,no,yes,0,no,semi-furnished
1168.333333,0.744,No,3,1,2,yes,no,no,no,no,1,no,furnished
1084.070796,0.651,No,3,1,2,yes,no,yes,no,yes,0,no,semi-furnished
1196.581197,0.772,Yes,3,1,2,no,yes,yes,no,yes,0,no,semi-furnished
1189.320388,0.759,Yes,2,1,1,yes,no,yes,no,no,1,no,semi-furnished
907.4074074,0.445,No,4,1,2,yes,no,no,no,no,0,no,semi-furnished
1027.253669,0.586,No,3,1,1,yes,yes,yes,no,no,0,no,semi-furnished
777.7777778,0.274,No,3,1,1,yes,no,no,no,yes,2,no,semi-furnished
844.8275862,0.355,No,2,1,1,yes,yes,yes,no,yes,0,no,semi-furnished
1633.333333,0.939,Yes,3,1,2,yes,no,yes,no,yes,0,no,semi-furnished
1649.83165,0.949,Yes,3,1,3,yes,no,no,no,no,0,no,semi-furnished
729.1666667,0.233,No,3,1,1,yes,no,no,no,no,0,no,unfurnished
1054.670684,0.623,No,3,1,2,yes,yes,yes,no,no,2,no,semi-furnished
379.8449612,0.009,No,3,1,1,yes,no,no,no,no,2,no,furnished
1430.701754,0.897,Yes,4,2,2,yes,no,yes,no,yes,2,no,semi-furnished
979.5795796,0.533,No,4,2,1,yes,no,yes,no,no,0,no,semi-furnished
1118.390805,0.684,No,2,1,1,yes,no,yes,no,no,0,no,unfurnished
1161.057692,0.737,No,3,1,3,yes,no,no,no,no,0,no,unfurnished
799.6688742,0.296,No,3,1,1,yes,no,no,no,no,2,yes,semi-furnished
703.8764209,0.204,No,3,1,2,yes,no,no,no,yes,2,yes,furnished
1003.115265,0.561,No,2,1,1,yes,no,no,no,yes,0,yes,semi-furnished
685,0.186,No,3,1,2,yes,no,yes,no,no,0,no,unfurnished
591.9753086,0.099,No,4,1,4,yes,no,yes,no,yes,2,no,semi-furnished
1393.859649,0.881,Yes,4,2,2,yes,no,no,no,no,0,no,semi-furnished
519.3104953,0.059,No,2,1,1,yes,no,yes,no,yes,2,no,semi-furnished
753.0454042,0.257,No,3,1,2,yes,no,yes,no,yes,1,no,furnished
464.84375,0.031,No,2,1,1,yes,no,no,no,yes,2,yes,unfurnished
738.0434783,0.246,No,2,1,1,yes,no,no,no,yes,3,no,semi-furnished
907.1566731,0.443,No,3,1,4,yes,no,no,no,yes,0,no,semi-furnished
781.6666667,0.278,No,2,1,1,yes,no,yes,no,yes,1,no,furnished
1292.011019,0.842,Yes,3,1,2,yes,no,no,no,no,2,no,semi-furnished
485.1556843,0.046,No,4,2,2,yes,yes,yes,no,no,1,no,semi-furnished
868.5185185,0.382,No,2,1,2,yes,no,no,no,no,0,yes,semi-furnished
1085.648148,0.653,No,3,1,1,yes,no,no,no,no,0,yes,semi-furnished
1242.990654,0.818,Yes,3,1,2,yes,no,yes,no,no,0,no,furnished
1110.576923,0.675,No,3,1,1,yes,yes,yes,no,yes,0,no,unfurnished
1190.721649,0.763,Yes,3,2,2,yes,no,yes,no,no,2,no,semi-furnished
813.3802817,0.318,No,3,1,2,yes,yes,no,no,yes,1,no,semi-furnished
1609.756098,0.932,Yes,2,1,2,yes,yes,yes,no,no,0,yes,semi-furnished
922.1556886,0.465,No,3,1,2,yes,no,yes,no,no,0,no,semi-furnished
1022.838137,0.581,No,4,2,2,yes,no,yes,no,no,0,no,semi-furnished
1146.25,0.721,No,3,1,2,yes,no,no,no,no,1,no,furnished
1194.010417,0.77,Yes,3,1,2,yes,no,no,no,no,1,yes,semi-furnished
1210.106383,0.781,Yes,3,1,1,yes,no,no,no,no,2,no,semi-furnished
1250,0.82,Yes,3,1,2,yes,no,no,no,yes,0,no,furnished
1784.313725,0.974,Yes,3,1,2,yes,no,yes,no,no,0,no,furnished
855.2631579,0.371,No,3,1,2,yes,yes,yes,no,no,0,yes,semi-furnished
848.880597,0.366,No,3,1,2,yes,no,no,no,no,2,yes,unfurnished
1292.613636,0.844,Yes,3,1,1,yes,no,no,no,no,0,yes,semi-furnished
541.6666667,0.074,No,4,1,4,yes,no,no,no,no,3,no,unfurnished
1108.04878,0.667,No,2,2,1,yes,yes,yes,no,no,0,no,semi-furnished
910.4208417,0.449,No,4,2,2,yes,yes,yes,no,no,0,yes,furnished
1286.324786,0.838,Yes,3,1,3,yes,no,no,no,no,0,no,semi-furnished
1308.695652,0.851,Yes,3,1,2,yes,no,yes,no,no,1,no,semi-furnished
457.9107505,0.029,No,3,1,1,yes,no,no,no,no,0,no,semi-furnished
1282.670455,0.835,Yes,2,1,2,yes,no,no,no,no,0,yes,furnished
993.3481153,0.548,No,4,1,2,yes,no,no,no,yes,2,no,semi-furnished
761.2574342,0.263,No,2,1,1,yes,no,no,no,yes,1,no,unfurnished
1120,0.686,No,3,1,2,yes,no,no,no,no,2,no,furnished
543.030303,0.077,No,3,1,1,yes,no,no,no,no,0,no,furnished
1108.910891,0.673,No,3,1,2,yes,no,no,no,no,1,no,semi-furnished
703.3018868,0.202,No,2,1,1,yes,no,yes,no,yes,1,no,furnished
1414.611006,0.884,Yes,3,1,2,yes,no,no,no,yes,1,no,furnished
1274.358974,0.831,Yes,3,1,2,yes,no,no,no,no,0,no,semi-furnished
1185.333333,0.752,Yes,2,1,1,yes,yes,yes,no,no,0,no,semi-furnished
1111.391129,0.676,No,3,1,2,no,no,no,no,no,0,no,semi-furnished
900,0.428,No,2,1,2,yes,no,yes,no,no,0,no,semi-furnished
1528.819444,0.912,Yes,3,1,2,yes,no,no,no,no,0,yes,semi-furnished
902.2540984,0.434,No,3,1,1,yes,no,no,no,no,2,yes,unfurnished
894.9186992,0.421,No,3,1,2,yes,no,no,no,no,1,no,semi-furnished
885.2525253,0.401,No,4,1,2,yes,no,no,no,yes,0,no,semi-furnished
1121.794872,0.689,No,3,1,2,yes,no,no,no,no,0,no,unfurnished
964.4444444,0.517,No,3,2,3,yes,no,no,yes,no,1,no,furnished
2278.215223,0.998,Yes,5,1,2,no,no,yes,no,no,0,no,semi-furnished
1065.030675,0.634,No,3,1,1,yes,yes,yes,no,no,2,no,semi-furnished
1240,0.814,Yes,4,1,2,yes,no,no,no,no,2,no,furnished
672.8682171,0.167,No,4,1,2,yes,no,no,no,no,0,no,semi-furnished
1071.180556,0.638,No,2,1,1,yes,no,yes,no,no,0,no,furnished
978.4090909,0.529,No,2,1,1,yes,no,no,no,no,1,no,semi-furnished
415.5405405,0.017,No,2,1,1,yes,no,no,no,no,1,yes,semi-furnished
1257.941176,0.824,Yes,3,1,2,yes,no,yes,no,no,2,yes,semi-furnished
671.3836478,0.164,No,2,1,1,yes,no,no,no,no,0,no,furnished
671.3836478,0.164,No,2,1,2,yes,no,no,no,no,0,no,unfurnished
948.8888889,0.493,No,2,1,1,yes,no,no,no,yes,2,no,furnished
1963.218391,0.994,Yes,3,1,2,no,yes,yes,no,yes,0,no,unfurnished
979.3577982,0.531,No,4,1,2,yes,no,no,no,no,0,no,furnished
549.5495495,0.083,No,2,1,1,yes,no,no,no,no,1,no,furnished
636.8421053,0.138,No,3,1,2,yes,yes,no,no,no,0,no,semi-furnished
1519.555077,0.908,Yes,3,1,1,yes,no,yes,no,no,0,yes,furnished
763.6363636,0.267,No,3,1,2,yes,no,no,no,yes,0,no,unfurnished
833.3333333,0.347,No,3,1,2,yes,no,yes,no,yes,0,no,unfurnished
717.9487179,0.217,No,2,1,1,yes,yes,yes,no,no,2,no,semi-furnished
1609.195402,0.93,Yes,4,3,2,no,no,no,no,no,0,no,semi-furnished
1422.282425,0.89,Yes,3,1,2,yes,no,yes,no,yes,0,no,unfurnished
1528.940663,0.914,Yes,4,2,2,no,no,no,no,no,0,no,semi-furnished
952.3809524,0.5,No,2,1,1,no,no,no,no,no,1,no,unfurnished
1050,0.616,No,4,2,2,no,no,no,no,no,0,no,semi-furnished
1806.451613,0.978,Yes,3,1,2,no,no,no,no,no,0,no,semi-furnished
913.0434783,0.452,No,3,2,2,yes,no,no,no,yes,1,no,semi-furnished
1153.846154,0.73,No,3,2,2,yes,no,yes,no,no,0,no,unfurnished
724.137931,0.224,No,3,1,1,yes,no,no,yes,no,2,no,semi-furnished
600,0.108,No,3,1,1,yes,no,no,no,no,3,no,furnished
1029.664133,0.594,No,3,1,3,yes,no,no,no,no,0,no,semi-furnished
1193.181818,0.768,Yes,3,1,2,yes,no,no,no,no,0,yes,semi-furnished
1958.041958,0.993,Yes,3,1,3,yes,no,no,no,no,1,yes,unfurnished
933.3333333,0.474,No,3,1,1,yes,no,yes,no,no,0,no,furnished
508.2424242,0.051,No,3,1,1,yes,no,yes,no,no,3,no,semi-furnished
1215.362319,0.792,Yes,3,1,2,yes,no,no,no,no,1,no,semi-furnished
860.5371901,0.377,No,3,1,2,yes,no,no,no,no,1,no,semi-furnished
1020.833333,0.577,No,3,1,2,yes,no,no,no,no,2,no,semi-furnished
1029.411765,0.592,No,3,1,2,yes,no,yes,no,no,1,no,semi-furnished
891.6234888,0.417,No,4,1,2,yes,no,no,no,yes,0,no,semi-furnished
690.0584795,0.191,No,3,1,1,yes,no,yes,no,no,0,no,semi-furnished
680.3630363,0.176,No,2,1,1,yes,no,yes,no,no,1,no,semi-furnished
1138.472222,0.713,No,3,1,1,yes,no,yes,no,yes,0,yes,furnished
1112.771739,0.68,No,3,2,2,yes,no,no,no,no,0,no,semi-furnished
1013.613861,0.572,No,2,1,2,yes,no,no,no,no,1,no,semi-furnished
731.25,0.237,No,2,1,1,yes,no,no,no,yes,0,no,semi-furnished
688.1355932,0.188,No,4,2,2,no,no,yes,no,no,1,no,unfurnished
813.3012821,0.316,No,3,2,2,yes,no,no,no,no,2,no,unfurnished
935.483871,0.478,No,3,1,1,yes,no,no,no,no,0,no,semi-furnished
1353.333333,0.868,Yes,4,1,3,yes,no,yes,no,yes,2,no,semi-furnished
939.8148148,0.482,No,3,1,2,yes,no,no,no,no,2,yes,furnished
1108.815427,0.671,No,3,2,2,yes,no,no,yes,no,2,no,semi-furnished
1163.294798,0.739,No,3,2,1,yes,no,yes,no,yes,1,no,furnished
745.3703704,0.25,No,3,1,1,yes,no,no,no,no,3,no,semi-furnished
890.5555556,0.414,No,3,1,2,no,no,yes,no,yes,0,no,semi-furnished
1158.236994,0.733,No,4,1,2,yes,no,no,no,yes,0,no,semi-furnished
973.1707317,0.52,No,4,1,1,no,no,yes,no,no,0,no,unfurnished
615.7407407,0.118,No,3,1,2,no,no,no,no,yes,1,no,semi-furnished
886.6666667,0.404,No,3,2,2,no,no,yes,no,yes,0,no,semi-furnished
1007.575758,0.564,No,3,1,2,yes,no,no,no,no,0,no,furnished
985.1851852,0.54,No,2,1,2,yes,yes,yes,no,no,0,yes,unfurnished
539.9449036,0.072,No,3,2,1,yes,yes,yes,no,no,3,no,furnished
712.7272727,0.213,No,4,1,2,yes,yes,yes,no,no,0,no,semi-furnished
1306.666667,0.849,Yes,3,1,2,yes,no,no,no,no,0,no,semi-furnished
1191.489362,0.765,Yes,2,1,1,yes,no,no,yes,no,1,no,furnished
1027.253669,0.586,No,2,1,1,yes,no,yes,no,yes,2,no,furnished
485.1485149,0.044,No,3,1,1,yes,no,no,no,yes,2,no,semi-furnished
1827.505828,0.98,Yes,4,2,1,yes,no,yes,no,no,0,yes,unfurnished
1027.777778,0.59,No,2,1,2,yes,yes,yes,no,no,0,no,semi-furnished
1221.698113,0.796,Yes,4,2,2,yes,no,no,no,no,0,no,furnished
726.4150943,0.228,No,5,2,2,yes,no,no,no,no,0,no,semi-furnished
1210.691824,0.785,Yes,2,2,1,yes,no,yes,no,no,2,no,semi-furnished
538.310962,0.07,No,3,1,2,yes,no,no,no,yes,0,no,furnished
943.627451,0.483,No,2,1,1,yes,no,no,no,no,0,no,semi-furnished
1000,0.559,No,2,1,1,yes,no,no,no,no,0,no,semi-furnished
1910.669975,0.987,Yes,3,1,2,yes,no,yes,no,no,0,yes,semi-furnished
1769.301471,0.971,Yes,2,1,2,yes,yes,no,no,no,0,yes,semi-furnished
1145.074627,0.719,No,3,1,2,yes,no,no,no,no,0,no,unfurnished
1211.111111,0.787,Yes,2,2,1,no,no,yes,no,no,0,no,semi-furnished
784.2323651,0.279,No,3,1,2,yes,no,no,no,no,0,no,semi-furnished
1105.263158,0.664,No,2,1,2,yes,no,no,yes,no,1,no,semi-furnished
1050,0.616,No,2,1,1,yes,no,no,no,no,0,no,semi-furnished
648.3704974,0.147,No,2,1,1,yes,no,no,no,no,2,no,unfurnished
1323.529412,0.858,Yes,3,1,3,yes,no,no,no,no,0,yes,furnished
450,0.024,No,2,1,1,yes,no,no,no,no,1,no,furnished
457.3333333,0.028,No,3,1,1,yes,no,no,no,no,2,no,furnished
1497.222222,0.901,Yes,5,2,1,no,no,yes,no,yes,1,no,furnished
544.4444444,0.079,No,4,1,2,no,no,no,no,no,1,no,furnished
1076.149425,0.645,No,2,1,1,yes,no,no,no,no,0,yes,semi-furnished
1030.555556,0.596,No,3,1,1,yes,no,no,no,no,1,no,unfurnished
918.3168317,0.461,No,2,1,1,yes,no,no,no,no,0,no,semi-furnished
616.2790698,0.121,No,3,1,1,yes,no,no,no,no,0,no,semi-furnished
916.0493827,0.458,No,2,1,1,yes,no,no,no,no,0,no,furnished
1035.15625,0.607,No,2,1,1,yes,no,no,yes,no,0,no,semi-furnished
1186.858974,0.754,Yes,3,1,2,no,no,yes,yes,no,0,no,semi-furnished
679.4495413,0.175,No,2,1,1,yes,no,no,no,no,0,no,furnished
1012.396694,0.566,No,2,1,1,yes,no,yes,no,no,0,no,furnished
1012.396694,0.566,No,2,1,1,yes,no,no,no,yes,0,no,unfurnished
651.5957447,0.151,No,2,1,1,no,no,no,no,no,0,no,semi-furnished
1020.833333,0.577,No,2,1,1,yes,no,no,no,no,0,no,furnished
850.4672897,0.368,No,2,1,1,yes,no,no,no,yes,2,no,semi-furnished
1019.607843,0.575,No,3,1,2,yes,no,yes,no,no,0,no,semi-furnished
1144.654088,0.717,No,3,1,2,no,no,yes,no,no,0,no,semi-furnished
1213.333333,0.79,Yes,2,1,2,yes,no,no,no,yes,0,no,furnished
1034.090909,0.603,No,2,2,1,yes,no,yes,no,no,0,no,semi-furnished
610.738255,0.114,No,3,1,2,yes,yes,yes,no,no,0,no,unfurnished
881.3559322,0.399,No,3,2,2,yes,no,no,no,no,2,no,semi-furnished
1277.192982,0.833,Yes,3,2,2,no,no,yes,no,no,0,yes,unfurnished
1600,0.926,Yes,3,1,3,yes,no,no,yes,yes,0,yes,semi-furnished
1032.102273,0.601,No,3,1,1,yes,no,no,no,no,2,yes,unfurnished
801.1111111,0.3,No,2,1,1,yes,no,no,no,no,0,no,semi-furnished
901.25,0.432,No,2,1,1,yes,no,no,no,no,0,yes,semi-furnished
1133.333333,0.71,No,3,1,2,yes,no,yes,no,no,0,no,furnished
793.3333333,0.289,No,4,2,2,yes,no,yes,no,no,2,no,furnished
793.3333333,0.289,No,2,1,1,no,no,no,no,no,0,no,furnished
980.7692308,0.535,No,2,1,1,yes,no,no,no,no,0,no,unfurnished
918.1818182,0.46,No,3,1,1,yes,no,no,no,no,2,no,unfurnished
825.4716981,0.333,No,3,1,2,yes,no,no,no,yes,0,no,semi-furnished
958.9041096,0.507,No,3,1,2,yes,no,no,no,no,0,no,unfurnished
760.8695652,0.261,No,4,1,2,yes,no,no,no,no,0,no,semi-furnished
1639.344262,0.943,Yes,3,2,2,no,no,no,no,no,0,no,unfurnished
1152.832675,0.728,No,3,1,2,yes,no,yes,no,no,0,no,semi-furnished
877.1929825,0.393,No,3,1,2,yes,no,no,no,no,0,no,semi-furnished
471.4439655,0.037,No,3,1,1,no,no,no,no,no,0,no,unfurnished
1005.747126,0.563,No,3,1,1,no,no,no,no,yes,0,no,unfurnished
972.2222222,0.518,No,6,1,2,yes,no,no,no,no,1,no,unfurnished
961.5384615,0.511,No,2,1,1,yes,no,no,no,no,1,no,semi-furnished
593.220339,0.105,No,2,1,1,yes,no,no,no,no,1,no,furnished
1121.794872,0.689,No,3,1,2,yes,no,no,no,no,1,no,unfurnished
476.1904762,0.039,No,2,1,1,yes,no,no,no,no,1,no,semi-furnished
996.5831435,0.55,No,2,1,1,yes,no,no,no,no,1,yes,unfurnished
368.4210526,0.006,No,3,1,2,yes,no,no,no,no,3,yes,unfurnished
595.2380952,0.107,No,2,1,1,yes,no,no,no,no,0,no,unfurnished
270.3955501,0,No,3,1,1,yes,no,no,no,no,0,no,unfurnished
712.8571429,0.215,No,3,1,2,no,no,no,no,no,0,no,unfurnished
1132.352941,0.704,No,3,1,1,yes,no,no,no,no,0,no,unfurnished
651.3157895,0.149,No,2,1,1,yes,no,no,no,no,1,yes,unfurnished
1615.384615,0.936,Yes,3,1,3,yes,no,no,no,no,0,yes,furnished
857.5,0.373,No,2,1,1,yes,no,no,no,no,0,no,unfurnished
1076.923077,0.647,No,2,1,1,yes,no,no,no,no,2,no,unfurnished
890.9090909,0.415,No,3,1,1,yes,no,no,no,no,0,no,unfurnished
1599.067599,0.925,Yes,3,1,3,yes,no,no,no,no,0,yes,furnished
1314.176245,0.853,Yes,3,1,2,yes,no,yes,no,no,0,yes,unfurnished
1758.974359,0.969,Yes,3,2,2,yes,no,yes,no,no,0,yes,unfurnished
847.2772277,0.358,No,2,1,1,yes,no,no,no,no,0,no,unfurnished
709.5088819,0.21,No,3,1,2,yes,yes,yes,no,yes,1,no,furnished
984.057971,0.537,No,3,1,1,yes,no,yes,no,no,2,no,unfurnished
932.6923077,0.472,No,2,1,1,yes,no,no,no,no,0,no,furnished
960,0.509,No,4,1,2,yes,no,no,no,yes,2,no,unfurnished
677.4193548,0.173,No,4,1,3,no,no,no,no,no,0,no,semi-furnished
815.5339806,0.322,No,2,1,2,yes,no,no,no,no,0,no,unfurnished
707.3684211,0.208,No,2,1,1,yes,no,no,no,no,0,no,unfurnished
903.2258065,0.438,No,2,1,1,no,no,no,no,yes,0,no,unfurnished
896,0.426,No,3,1,1,yes,no,no,no,no,0,no,unfurnished
1083.870968,0.649,No,3,1,2,no,no,yes,no,no,0,no,semi-furnished
1054.945055,0.625,No,2,1,1,yes,no,yes,no,no,2,no,furnished
1241.851852,0.816,Yes,3,1,1,no,no,no,no,no,0,no,furnished
1553.379953,0.921,Yes,3,1,2,yes,no,yes,no,no,0,yes,furnished
823.019802,0.331,No,2,1,1,yes,no,no,no,no,1,no,unfurnished
696.3350785,0.193,No,4,1,2,yes,no,no,no,no,0,no,unfurnished
1316,0.855,Yes,2,1,1,no,no,no,no,yes,0,no,unfurnished
1034.591195,0.605,No,4,1,2,yes,no,yes,no,yes,0,no,unfurnished
542.9042904,0.075,No,3,1,1,yes,yes,yes,no,no,0,no,furnished
945.4022989,0.489,No,4,1,2,no,no,no,no,no,1,no,semi-furnished
867.6160338,0.381,No,4,1,2,yes,no,no,no,no,0,no,semi-furnished
814.3564356,0.32,No,2,1,1,yes,no,no,no,no,0,no,unfurnished
1533.799534,0.915,Yes,3,1,2,yes,no,yes,no,no,0,yes,furnished
559.5238095,0.085,No,3,1,1,yes,no,no,no,no,1,no,unfurnished
723.3333333,0.222,No,2,1,1,no,no,no,no,no,0,no,semi-furnished
828.2442748,0.336,No,2,1,1,no,no,no,no,no,0,no,unfurnished
888.4615385,0.41,No,4,1,2,yes,no,yes,no,no,0,no,unfurnished
736.8421053,0.243,No,3,1,2,yes,no,no,no,no,0,no,unfurnished
1199.701937,0.774,Yes,2,1,1,yes,no,no,no,yes,1,no,unfurnished
745.3703704,0.25,No,3,1,1,no,no,no,no,no,1,no,unfurnished
1032.051282,0.599,No,3,1,2,no,no,no,no,no,0,no,furnished
913.0434783,0.452,No,1,1,1,yes,no,no,no,no,0,no,furnished
790.2659308,0.283,No,2,2,1,no,yes,yes,no,no,1,no,unfurnished
900,0.428,No,2,1,1,no,no,yes,no,no,0,no,semi-furnished
769.2307692,0.272,No,2,1,1,yes,no,no,no,no,2,no,semi-furnished
1909.090909,0.985,Yes,3,1,2,no,no,yes,no,no,0,no,unfurnished
913.0434783,0.452,No,3,1,2,yes,no,yes,no,no,0,no,semi-furnished
466.6666667,0.033,No,2,1,1,yes,no,no,no,no,0,no,semi-furnished
350,0.004,No,3,1,2,yes,no,no,no,no,2,no,semi-furnished
1026.392962,0.585,No,2,1,1,yes,no,no,no,no,1,no,unfurnished
698.4444444,0.195,No,3,1,2,yes,no,no,no,yes,0,no,unfurnished
569.4267516,0.09,No,3,1,1,yes,no,yes,no,no,0,no,unfurnished
1300.604671,0.846,Yes,3,1,1,yes,no,no,no,no,0,yes,semi-furnished
1038.333333,0.61,No,3,1,1,no,no,no,no,yes,0,no,unfurnished
809.0909091,0.313,No,3,1,2,yes,no,no,no,no,0,no,unfurnished
890,0.412,No,2,1,1,yes,no,no,no,no,0,no,unfurnished
381.1111111,0.013,No,2,1,1,yes,no,no,no,no,1,no,unfurnished
620.9677419,0.125,No,2,1,1,yes,no,yes,no,yes,0,no,unfurnished
1425.925926,0.893,Yes,3,1,2,no,no,yes,no,no,0,no,semi-furnished
996.763754,0.551,No,2,1,1,yes,yes,yes,no,no,0,no,unfurnished
684.4444444,0.184,No,2,1,2,yes,no,no,yes,no,1,no,semi-furnished
801.3157895,0.301,No,2,1,1,yes,no,no,no,no,0,no,unfurnished
974.1100324,0.522,No,3,1,2,no,no,no,no,no,0,no,semi-furnished
929.0123457,0.471,No,3,1,2,yes,no,no,no,no,2,no,semi-furnished
1061.728395,0.631,No,2,1,1,yes,no,no,no,no,0,no,semi-furnished
654.3478261,0.154,No,2,1,1,yes,no,no,no,no,0,no,furnished
592.9866036,0.103,No,3,1,1,no,no,no,no,no,0,no,unfurnished
802.6666667,0.303,No,3,1,2,yes,no,no,no,no,0,no,unfurnished
829.2011019,0.342,No,4,1,2,yes,no,no,no,no,3,no,semi-furnished
373.0434783,0.007,No,2,1,1,yes,no,no,no,no,0,no,unfurnished
683.59375,0.182,No,4,1,2,no,no,no,no,no,1,no,unfurnished
987,0.542,No,2,1,2,yes,no,no,no,no,0,no,semi-furnished
502.5641026,0.048,No,3,1,2,yes,no,yes,no,no,1,no,unfurnished
592.7419355,0.101,No,2,1,1,yes,no,no,no,no,0,no,unfurnished
816.6666667,0.324,No,3,1,2,no,no,no,no,no,1,no,unfurnished
803.2786885,0.307,No,4,1,2,no,no,no,no,no,0,no,unfurnished
844.8275862,0.355,No,3,1,2,no,no,no,no,no,1,no,semi-furnished
1088.888889,0.654,No,2,1,1,no,no,no,no,no,0,no,furnished
933.3333333,0.474,No,3,1,2,no,no,no,no,no,0,no,unfurnished
444.4444444,0.02,No,3,1,2,yes,no,no,no,no,0,no,semi-furnished
944.0789474,0.487,No,2,1,1,no,no,no,no,no,0,no,unfurnished
790.6336088,0.285,No,2,1,1,yes,no,no,no,no,0,no,unfurnished
478.3333333,0.04,No,2,1,1,yes,no,no,no,no,0,no,semi-furnished
531.4814815,0.063,No,4,1,2,yes,no,no,no,no,0,no,unfurnished
548.5576923,0.081,No,4,1,3,yes,no,no,no,no,0,no,unfurnished
859.0909091,0.375,No,3,1,2,no,no,no,no,no,1,no,semi-furnished
651.7241379,0.153,No,3,1,2,no,no,no,yes,no,1,no,unfurnished
1073.863636,0.64,No,2,1,1,no,no,no,no,no,1,no,furnished
1056.603774,0.627,No,3,1,2,yes,no,yes,no,no,1,no,unfurnished
707.0707071,0.206,No,3,1,1,yes,no,no,no,no,0,no,furnished
401.4705882,0.015,No,2,1,1,yes,no,no,no,no,0,no,unfurnished
682.5,0.18,No,3,1,2,yes,no,no,no,no,1,no,unfurnished
673.75,0.169,No,2,1,1,yes,no,no,no,no,0,no,unfurnished
676.1565836,0.171,No,2,1,1,yes,no,no,no,no,0,no,unfurnished
1330,0.862,Yes,2,1,2,yes,no,no,no,no,0,no,semi-furnished
732.7823691,0.239,No,3,3,2,no,yes,no,no,no,0,no,unfurnished
950,0.494,No,3,1,1,yes,no,no,no,no,0,no,unfurnished
1094.650206,0.658,No,3,1,1,no,no,no,no,no,0,no,unfurnished
764.3678161,0.27,No,2,1,1,yes,no,no,no,no,1,no,semi-furnished
665,0.162,No,3,1,1,yes,no,no,no,no,0,no,semi-furnished
832.967033,0.346,No,2,1,1,yes,no,no,no,yes,0,no,unfurnished
663.25,0.16,No,3,1,2,yes,no,no,no,yes,0,no,unfurnished
894.8453608,0.419,No,2,1,1,no,no,no,no,no,0,no,unfurnished
719.4444444,0.219,No,2,1,1,yes,no,no,no,no,0,no,unfurnished
588.6363636,0.097,No,2,1,1,yes,no,no,no,no,0,no,unfurnished
719.4444444,0.219,No,2,2,2,yes,no,yes,no,no,1,no,furnished
875,0.388,No,3,1,1,no,no,no,no,no,0,no,unfurnished
792.4528302,0.287,No,3,1,1,no,no,no,no,no,0,no,unfurnished
840,0.353,No,2,1,2,yes,no,no,no,no,0,no,furnished
564.7727273,0.088,No,3,1,2,yes,no,no,no,no,0,no,unfurnished
828.3333333,0.338,No,3,1,2,no,no,no,no,no,0,no,semi-furnished
763.2398754,0.265,No,3,1,2,yes,no,yes,no,no,0,no,unfurnished
756.1728395,0.259,No,2,1,1,no,yes,no,no,no,1,no,unfurnished
816.6666667,0.324,No,2,1,1,yes,no,no,no,no,1,no,unfurnished
700,0.197,No,2,1,1,yes,yes,no,no,no,0,no,unfurnished
506.1983471,0.05,No,2,1,2,yes,no,no,no,no,0,no,unfurnished
318.1818182,0.002,No,2,1,1,yes,no,no,no,no,0,no,unfurnished
662.4484182,0.156,No,2,1,1,no,no,no,no,no,0,no,unfurnished
961.6161616,0.513,No,3,1,2,yes,no,no,no,no,0,no,furnished
853.9648367,0.369,No,4,2,2,yes,no,no,no,no,0,no,furnished
729.1666667,0.233,No,2,1,1,yes,no,no,no,no,0,no,unfurnished
644.2307692,0.142,No,2,1,1,yes,no,no,no,no,0,no,unfurnished
726.4150943,0.228,No,2,1,1,yes,no,no,no,no,0,no,unfurnished
1239.106754,0.813,Yes,2,1,1,no,no,yes,no,no,0,no,semi-furnished
573.0478589,0.092,No,1,1,1,no,no,no,no,no,0,no,unfurnished
573.0478589,0.092,No,3,1,2,yes,no,yes,no,no,0,no,unfurnished
1148.717949,0.724,No,3,1,1,no,no,no,yes,no,0,no,unfurnished
421.3207547,0.018,No,3,1,1,no,no,no,no,yes,0,yes,unfurnished
711.6666667,0.211,No,2,1,1,no,no,no,no,no,0,no,unfurnished
875,0.388,No,3,1,2,yes,no,no,no,no,0,no,unfurnished
700,0.197,No,4,1,2,yes,no,no,no,no,0,no,unfurnished
625,0.127,No,2,1,1,yes,no,no,no,no,1,no,unfurnished
573.0994152,0.096,No,5,1,2,no,no,no,no,no,0,no,unfurnished
1111.764706,0.678,No,3,1,2,yes,no,no,no,no,0,no,unfurnished
517.9501233,0.057,No,2,1,1,yes,no,no,no,no,0,no,unfurnished
620.4013378,0.123,No,2,1,1,no,no,no,no,no,1,no,unfurnished
606.6666667,0.112,No,2,1,1,yes,no,yes,no,no,2,no,unfurnished
736.3125,0.241,No,3,1,1,no,no,no,no,no,0,no,semi-furnished
483.4254144,0.042,No,2,1,1,yes,no,no,no,no,0,no,unfurnished
601.3745704,0.11,No,3,1,1,no,no,no,no,no,0,no,furnished
454.5454545,0.026,No,3,1,2,yes,no,no,no,no,0,no,unfurnished